{
"progressBar": [[0, "image/system/controls/progress-0.png"], [100, "image/system/controls/progress-100.png"]],
"votesNum-default": "image/system/number/%1.png",
"photoMainFrame": "image/fullskin/system/photo-back.png",
"photoHandCardNum-default": "image/fullskin/system/handcard/%1.png",
"photoHandCardNum-default2": "image/fullskin/system/handcard/kami.png",
"photoGender-default": "image/fullskin/system/gender/%1.png",
"photoGender-default2": "image/fullskin/system/gender/male.png",
"photoFaceTurnedMask": "image/generals/small/faceturned.png",
"photoBlankGeneral": "image/fullskin/system/blank.png",
"photoChain": "image/system/chain.png",
"photoPhase0": "image/system/phase/round_start.png",
"photoPhase1": "image/system/phase/start.png",
"photoPhase2": "image/system/phase/judge.png",
"photoPhase3": "image/system/phase/draw.png",
"photoPhase4": "image/system/phase/play.png",
"photoPhase5": "image/system/phase/discard.png",
"photoPhase6": "image/system/phase/finish.png",
"photoFocusFrame0": "image/system/frame/playing.png",
"photoFocusFrame1": "image/system/frame/responding.png",
"photoFocusFrame2": "image/system/frame/sos.png",
"photoFrameWhenSelected": "image/system/frame/photoSelected.png",
"dashboardLeftFrame": "image/system/dashboard-equip.png", 
"dashboardRightFrame": "image/system/dashboard-avatar.png",
"dashboardMiddleFrame": "image/system/dashboard-hand.png",
"dashboardHandCardNum-default": "image/fullskin/system/handcard/%1.png",
"dashboardHandCardNum-default2": "image/fullskin/system/handcard/kami.png",
"dashboardGender-default": "image/fullskin/system/gender/%1.png",
"dashboardGender-default2": "image/fullskin/system/gender/male.png",
"dashboardFaceTurnedMask": "image/generals/big/faceturned.png",
"dashboardBlankGeneral": "image/generals/small/blank.png",
"dashboardChain": ["image/system/chain.png", [0, 0, 134, 19]],
"dashboardPhase0": "image/system/phase/round_start.png",
"dashboardPhase1": "image/system/phase/start.png",
"dashboardPhase2": "image/system/phase/judge.png",
"dashboardPhase3": "image/system/phase/draw.png",
"dashboardPhase4": "image/system/phase/play.png",
"dashboardPhase5": "image/system/phase/discard.png",
"dashboardPhase6": "image/system/phase/finish.png",
"dashboardFrameWhenSelected": "image/system/frame/dashboardSelected.png",
"magatamasBg0": "image/fullskin/system/magatamas/bg1.png",
"magatamasBg1": "image/fullskin/system/magatamas/bg1.png",
"magatamasBg2": "image/fullskin/system/magatamas/bg2.png",
"magatamasBg3": "image/fullskin/system/magatamas/bg3.png",
"magatamasBg4": "image/fullskin/system/magatamas/bg4.png",
"magatamasBg5": "image/fullskin/system/magatamas/bg5.png",
"magatamas0": "image/system/magatamas/0.png",
"magatamas1": "image/system/magatamas/1.png",
"magatamas2": "image/system/magatamas/2.png",
"magatamas3": "image/system/magatamas/3.png",
"magatamas4": "image/system/magatamas/4.png",
"magatamas5": "image/system/magatamas/5.png",
"photoExtraSkillBg": "image/system/huashenSkillBg.png",
"dashboardExtraSkillBg": "image/system/huashenSkillBg.png",

// general names
"avatarName-default": "image/generals/name/%1.png",

// generals defined later will override default path and also previously defined generals
"avatarName-kami001": "image/generals/name/kaze001.png", //东风谷早苗
"avatarName-kami002": "image/generals/name/hana018.png", //比那名居天子
"avatarName-kami003": "image/generals/name/yuki001.png", //博丽灵梦
"avatarName-kami004": "image/generals/name/tsuki001.png", //蕾米莉亚·斯卡雷特
"avatarName-kami005": "image/generals/name/shin005.png", //秦心
"avatarName-kami006": "image/generals/name/hana009.png", //四季映姬
"avatarName-kami007": "image/generals/name/yuki018.png", //西行寺幽幽子
"avatarName-kami008": "image/generals/name/tsuki002.png", //芙兰朵露·斯卡雷特
"avatarName-kami009": "image/generals/name/kaze018.png", //古明地觉
"avatarName-kami010": "image/generals/name/hana014.png", //霍青娥
"avatarName-kami011": "image/generals/name/yuki009.png", //八云紫
"avatarName-kami012": "image/generals/name/tsuki018.png", //蓬莱山辉夜
"avatarName-kami013": "image/generals/name/kaze009.png", //洩矢诹访子
"avatarName-kami014": "image/generals/name/hana007.png", //封兽鵺
"avatarName-kami015": "image/generals/name/yuki010.png", //琪露诺
"avatarName-kami016": "image/generals/name/tsuki004.png", //因幡帝
"avatarName-kami017": "image/generals/name/kaze008.png", //八坂神奈子
"avatarName-kami018": "image/generals/name/shin014.png", //赫卡缇雅•拉碧丝拉祖利
"avatarName-kami019": "image/generals/name/yuki003.png", //魂魄妖梦
"avatarName-kami020": "image/generals/name/tsuki009.png", //八意永琳
"avatarName-sp001": "image/generals/name/kaze001.png", //东风谷早苗
"avatarName-sp002": "image/generals/name/hana007.png", //封兽鵺
"avatarName-sp003": "image/generals/name/yuki002.png", //伊吹萃香
"avatarName-sp004": "image/generals/name/tsuki005.png", //上白泽慧音
"avatarName-sp005": "image/generals/name/kaze015.png", //火焰猫燐
"avatarName-sp006": "image/generals/name/hana002.png", //雾雨魔理沙
"avatarName-sp007": "image/generals/name/yuki001.png", //博丽灵梦
"avatarName-sp008": "image/generals/name/tsuki003.png", //铃仙·优昙华院·稻叶
"avatarName-sp009": "image/generals/name/kaze002.png", //射命丸文
"avatarName-sp010": "image/generals/name/hana016.png", //物部布都
"avatarName-sp011": "image/generals/name/yuki010.png", //琪露诺
"avatarName-sp012": "image/generals/name/tsuki010.png", //露米娅
"avatarName-sp013": "image/generals/name/kaze017.png", //古明地恋
"avatarName-sp014": "image/generals/name/hana009.png", //四季映姬
"avatarName-sp015": "image/generals/name/yuki004.png", //爱丽丝·玛嘉特洛伊德
"avatarName-sp016": "image/generals/name/tsuki001.png", //蕾米莉亚·斯卡雷特
"avatarName-sp017": "image/generals/name/kaze018.png", //古明地觉
"avatarName-sp018": "image/generals/name/hana017.png", //丰聪耳神子
"avatarName-sp019": "image/generals/name/yuki003.png", //魂魄妖梦
"avatarName-sp020": "image/generals/name/tsuki015.png", //帕秋莉·诺蕾姬
"avatarName-story002": "image/generals/name/yuki001.png", //博丽灵梦
"avatarName-story003": "image/generals/name/yuki001.png", //博丽灵梦

// general default directories
"playerGeneralIcon-default-0": ["image/generals/avatar/%1.png", [63, 44, 154, 154], [40, 40]],
"playerGeneralIcon-default-1": ["image/fullskin/generals/full/%1.png", [0, 0, 250, 311], [155, 193]],
"playerGeneralIcon-default-2": ["image/generals/avatar/%1.png", [63, 44, 154, 154]],
"playerGeneralIcon-default-4": ["image/fullskin/generals/full/%1.png", [70, 0, 124, 289], [77, 179]], //small avatar for photo
"playerGeneralIcon-default-5": ["image/generals/avatar/%1.png", [63, 44, 154, 154], [70, 70]],  //small avatar for dashboard
"playerGeneralIcon-default-6": ["image/fullskin/generals/full/%1.png", [65, 0, 250, 311], [155, 193]],  //primary avatar for photo
"playerGeneralIcon-default-7": ["image/generals/avatar/%1.png", [63, 44, 154, 154]],  //primary avatar for dashboard
"playerGeneralIcon-default-8": ["image/fullskin/generals/full/%1.png", [3, 50, 244, 100], [122, 50]],  //avatar for KOF mode

"generalCircleImage-0": "image/generals/double-general/circle-photo.png",
"generalCircleImage-1": "image/generals/double-general/circle-dashboard.png",

"generalCircleMask-0": ["image/generals/double-general/circle-photo-mask.png", [21, 38, 51, 51]],
"generalCircleMask-1": ["image/generals/double-general/circle-dashboard-mask.png", [73, 0, 71, 71]],

// generals defined later will override default path and also previously defined generals
"playerGeneralIcon-anjiang-0": ["image/generals/big/anjiang.png", [0, 0, 134, 134], [40, 40]],
"playerGeneralIcon-anjiang-1": "image/generals/small/anjiang.png",
"playerGeneralIcon-anjiang-2": "image/generals/big/anjiang.png",
"playerGeneralIcon-anjiang-4": ["image/generals/big/anjiang.png", [0, 0, 134, 134], [51, 51]],
"playerGeneralIcon-anjiang-5": ["image/generals/big/anjiang.png", [0, 0, 134, 134], [70, 70]],
"playerGeneralIcon-anjiang-6": "image/generals/small/anjiang.png",
"playerGeneralIcon-anjiang-7": "image/generals/big/anjiang.png",
"playerGeneralIcon-anjiang-8": "image/generals/kof/anjiang.png",

"playerGeneralIcon-yanliangwenchou-0": ["image/generals/big/yanliangwenchou.png", [0, 0, 134, 134], [40, 40]],
"playerGeneralIcon-yanliangwenchou-1": "image/generals/small/yanliangwenchou.png",
"playerGeneralIcon-yanliangwenchou-2": "image/generals/big/yanliangwenchou.png",
"playerGeneralIcon-yanliangwenchou-4": ["image/generals/big/yanliangwenchou.png", [0, 0, 134, 134], [51, 51]],
"playerGeneralIcon-yanliangwenchou-5": ["image/generals/big/yanliangwenchou.png", [0, 0, 134, 134], [70, 70]],
"playerGeneralIcon-yanliangwenchou-6": "image/generals/small/yanliangwenchou.png",
"playerGeneralIcon-yanliangwenchou-7": "image/generals/big/yanliangwenchou.png",
"playerGeneralIcon-yanliangwenchou-8": "image/generals/kof/yanliangwenchou.png",

"playerGeneralIcon-erzhang-0": ["image/generals/big/erzhang.png", [0, 0, 134, 134], [40, 40]],
"playerGeneralIcon-erzhang-1": "image/generals/small/erzhang.png",
"playerGeneralIcon-erzhang-2": "image/generals/big/erzhang.png",
"playerGeneralIcon-erzhang-4": ["image/generals/big/erzhang.png", [0, 0, 134, 134], [51, 51]],
"playerGeneralIcon-erzhang-5": ["image/generals/big/erzhang.png", [0, 0, 134, 134], [70, 70]],
"playerGeneralIcon-erzhang-6": "image/generals/small/erzhang.png",
"playerGeneralIcon-erzhang-7": "image/generals/big/erzhang.png",
"playerGeneralIcon-erzhang-8": "image/generals/kof/erzhang.png",

"playerGeneralIcon-guanxingzhangbao-0": ["image/generals/big/guanxingzhangbao.png", [0, 0, 134, 134], [40, 40]],
"playerGeneralIcon-guanxingzhangbao-1": "image/generals/small/guanxingzhangbao.png",
"playerGeneralIcon-guanxingzhangbao-2": "image/generals/big/guanxingzhangbao.png",
"playerGeneralIcon-guanxingzhangbao-4": ["image/generals/big/guanxingzhangbao.png", [0, 0, 134, 134], [51, 51]],
"playerGeneralIcon-guanxingzhangbao-5": ["image/generals/big/guanxingzhangbao.png", [0, 0, 134, 134], [70, 70]],
"playerGeneralIcon-guanxingzhangbao-6": "image/generals/small/guanxingzhangbao.png",
"playerGeneralIcon-guanxingzhangbao-7": "image/generals/big/guanxingzhangbao.png",
"playerGeneralIcon-guanxingzhangbao-8": "image/generals/kof/guanxingzhangbao.png",

"playerGeneralIcon-panzhangmazhong-0": ["image/generals/big/panzhangmazhong.png", [0, 0, 134, 134], [40, 40]],
"playerGeneralIcon-panzhangmazhong-1": "image/generals/small/panzhangmazhong.png",
"playerGeneralIcon-panzhangmazhong-2": "image/generals/big/panzhangmazhong.png",
"playerGeneralIcon-panzhangmazhong-4": ["image/generals/big/panzhangmazhong.png", [0, 0, 134, 134], [51, 51]],
"playerGeneralIcon-panzhangmazhong-5": ["image/generals/big/panzhangmazhong.png", [0, 0, 134, 134], [70, 70]],
"playerGeneralIcon-panzhangmazhong-6": "image/generals/small/panzhangmazhong.png",
"playerGeneralIcon-panzhangmazhong-7": "image/generals/big/panzhangmazhong.png",
"playerGeneralIcon-panzhangmazhong-8": "image/generals/kof/panzhangmazhong.png",

"playerGeneralIcon-erqiao-0": ["image/generals/big/erqiao.png", [0, 0, 134, 134], [40, 40]],
"playerGeneralIcon-erqiao-1": "image/generals/small/erqiao.png",
"playerGeneralIcon-erqiao-2": "image/generals/big/erqiao.png",
"playerGeneralIcon-erqiao-4": ["image/generals/big/erqiao.png", [0, 0, 134, 134], [51, 51]],
"playerGeneralIcon-erqiao-5": ["image/generals/big/erqiao.png", [0, 0, 134, 134], [70, 70]],
"playerGeneralIcon-erqiao-6": "image/generals/small/erqiao.png",
"playerGeneralIcon-erqiao-7": "image/generals/big/erqiao.png",
"playerGeneralIcon-erqiao-8": "image/generals/kof/erqiao.png",

"playerGeneralIcon-huangjinleishi-0": ["image/generals/big/huangjinleishi.png", [0, 0, 134, 134], [40, 40]],
"playerGeneralIcon-huangjinleishi-1": "image/generals/small/huangjinleishi.png",
"playerGeneralIcon-huangjinleishi-2": "image/generals/big/huangjinleishi.png",
"playerGeneralIcon-huangjinleishi-4": ["image/generals/big/huangjinleishi.png", [0, 0, 134, 134], [51, 51]],
"playerGeneralIcon-huangjinleishi-5": ["image/generals/big/huangjinleishi.png", [0, 0, 134, 134], [70, 70]],
"playerGeneralIcon-huangjinleishi-6": "image/generals/small/huangjinleishi.png",
"playerGeneralIcon-huangjinleishi-7": "image/generals/big/huangjinleishi.png",
"playerGeneralIcon-huangjinleishi-8": "image/generals/kof/huangjinleishi.png",

"playerGeneralIcon-jiangwanfeiyi-0": ["image/generals/big/jiangwanfeiyi.png", [0, 0, 134, 134], [40, 40]],
"playerGeneralIcon-jiangwanfeiyi-1": "image/generals/small/jiangwanfeiyi.png",
"playerGeneralIcon-jiangwanfeiyi-2": "image/generals/big/jiangwanfeiyi.png",
"playerGeneralIcon-jiangwanfeiyi-4": ["image/generals/big/jiangwanfeiyi.png", [0, 0, 134, 134], [51, 51]],
"playerGeneralIcon-jiangwanfeiyi-5": ["image/generals/big/jiangwanfeiyi.png", [0, 0, 134, 134], [70, 70]],
"playerGeneralIcon-jiangwanfeiyi-6": "image/generals/small/jiangwanfeiyi.png",
"playerGeneralIcon-jiangwanfeiyi-7": "image/generals/big/jiangwanfeiyi.png",
"playerGeneralIcon-jiangwanfeiyi-8": "image/generals/kof/jiangwanfeiyi.png",

"playerGeneralIcon-chenwudongxi-0": ["image/generals/big/chenwudongxi.png", [0, 0, 134, 134], [40, 40]],
"playerGeneralIcon-chenwudongxi-1": "image/generals/small/chenwudongxi.png",
"playerGeneralIcon-chenwudongxi-2": "image/generals/big/chenwudongxi.png",
"playerGeneralIcon-chenwudongxi-4": ["image/generals/big/chenwudongxi.png", [0, 0, 134, 134], [51, 51]],
"playerGeneralIcon-chenwudongxi-5": ["image/generals/big/chenwudongxi.png", [0, 0, 134, 134], [70, 70]],
"playerGeneralIcon-chenwudongxi-6": "image/generals/small/chenwudongxi.png",
"playerGeneralIcon-chenwudongxi-7": "image/generals/big/chenwudongxi.png",
"playerGeneralIcon-chenwudongxi-8": "image/generals/kof/chenwudongxi.png",

"playerGeneralIcon-ol_guanxingzhangbao-0": ["image/generals/big/ol_guanxingzhangbao.png", [0, 0, 134, 134], [40, 40]],
"playerGeneralIcon-ol_guanxingzhangbao-1": "image/generals/small/ol_guanxingzhangbao.png",
"playerGeneralIcon-ol_guanxingzhangbao-2": "image/generals/big/ol_guanxingzhangbao.png",
"playerGeneralIcon-ol_guanxingzhangbao-4": ["image/generals/big/ol_guanxingzhangbao.png", [0, 0, 134, 134], [51, 51]],
"playerGeneralIcon-ol_guanxingzhangbao-5": ["image/generals/big/ol_guanxingzhangbao.png", [0, 0, 134, 134], [70, 70]],
"playerGeneralIcon-ol_guanxingzhangbao-6": "image/generals/small/ol_guanxingzhangbao.png",
"playerGeneralIcon-ol_guanxingzhangbao-7": "image/generals/big/ol_guanxingzhangbao.png",
"playerGeneralIcon-ol_guanxingzhangbao-8": "image/generals/kof/ol_guanxingzhangbao.png",

"playerGeneralIcon-nos_guanxingzhangbao-0": ["image/generals/big/nos_guanxingzhangbao.png", [0, 0, 134, 134], [40, 40]],
"playerGeneralIcon-nos_guanxingzhangbao-1": "image/generals/small/nos_guanxingzhangbao.png",
"playerGeneralIcon-nos_guanxingzhangbao-2": "image/generals/big/nos_guanxingzhangbao.png",
"playerGeneralIcon-nos_guanxingzhangbao-4": ["image/generals/big/nos_guanxingzhangbao.png", [0, 0, 134, 134], [51, 51]],
"playerGeneralIcon-nos_guanxingzhangbao-5": ["image/generals/big/nos_guanxingzhangbao.png", [0, 0, 134, 134], [70, 70]],
"playerGeneralIcon-nos_guanxingzhangbao-6": "image/generals/small/nos_guanxingzhangbao.png",
"playerGeneralIcon-nos_guanxingzhangbao-7": "image/generals/big/nos_guanxingzhangbao.png",
"playerGeneralIcon-nos_guanxingzhangbao-8": "image/generals/kof/nos_guanxingzhangbao.png",

// buttons
"dashboardButtonSetBg": "image/system/button/platter/bg.png",
"button-platter": "image/system/button/platter/%1/%2.png",
"button-skill": "image/system/button/skill/%1/%3-%2.png",
"button-handcard": "image/system/button/handcard/%1/%2.png",
"button-replay": "image/system/button/replay/%1/%2.png",

// icons
"saveMe": "image/system/death/save-me.png",
"playerActioned": "image/system/3v3/actioned.png",

// card relevant
"handCardBack": "image/system/card-back.png",
"generalCardBack": "image/system/unknown.png",

// equips
"photoEquip-default": "image/fullskin/small-equips/%1.png",
"dashboardEquip-default": "image/equips/%1.png",

// kingdoms
"kingdomColorMask-default": "image/kingdom/frame/%1.png",
"kingdomIcon-default": "image/kingdom/icon/%1.png",

// cards
"handCardMainPhoto-default": "image/card/%1.png",
"handCardMainPhoto-default2": "image/generals/card/%1.jpg",
"handCardMainPhoto-unknown": "image/system/card-back.png",

"handCardNumber-black-default": "image/system/black/%1.png",
"handCardNumber-red-default": "image/system/red/%1.png",
"handCardSuit-default": "image/system/cardsuit/%1.png",
"judgeCardIcon-default": "image/icon/%1.png",

// CardContainer
"chooseCardBoxDestPlace": "image/system/dest-place.png"
}
